{
  "version": "v006",
  "feature_version": "v3",
  "models": {
    "reject": {
      "5": "rf_reject_5m_v006.pkl",
      "15": "rf_reject_15m_v006.pkl",
      "60": "rf_reject_60m_v006.pkl"
    },
    "break": {
      "5": "rf_break_5m_v006.pkl",
      "15": "rf_break_15m_v006.pkl",
      "60": "rf_break_60m_v006.pkl"
    }
  },
  "calibration": {
    "reject": {
      "5": "sigmoid",
      "15": "sigmoid",
      "60": "sigmoid"
    },
    "break": {
      "5": "none",
      "15": "sigmoid",
      "60": "sigmoid"
    }
  },
  "stats": {
    "5": {
      "reject": {
        "reject_rate": 0.4470899470899471,
        "mfe_bps_reject": 11.716863705659604,
        "mfe_bps_other": 8.242401393482492,
        "mae_bps_reject": -5.714054897588151,
        "mae_bps_other": -6.968799150649393,
        "break_rate": 0.023809523809523808,
        "mfe_bps_break": 6.446109859678376,
        "mae_bps_break": -26.87067906576569
      },
      "break": {
        "reject_rate": 0.4470899470899471,
        "mfe_bps_reject": 11.716863705659604,
        "mfe_bps_other": 8.242401393482492,
        "mae_bps_reject": -5.714054897588151,
        "mae_bps_other": -6.968799150649393,
        "break_rate": 0.023809523809523808,
        "mfe_bps_break": 6.446109859678376,
        "mae_bps_break": -26.87067906576569
      }
    },
    "15": {
      "reject": {
        "reject_rate": 0.6143617021276596,
        "mfe_bps_reject": 16.640627750415106,
        "mfe_bps_other": 13.257949238858542,
        "mae_bps_reject": -9.140986977203625,
        "mae_bps_other": -9.341422151552147,
        "break_rate": 0.13031914893617022,
        "mfe_bps_break": 6.795973736854983,
        "mae_bps_break": -28.57153600950187
      },
      "break": {
        "reject_rate": 0.6143617021276596,
        "mfe_bps_reject": 16.640627750415106,
        "mfe_bps_other": 13.257949238858542,
        "mae_bps_reject": -9.140986977203625,
        "mae_bps_other": -9.341422151552147,
        "break_rate": 0.13031914893617022,
        "mfe_bps_break": 6.795973736854983,
        "mae_bps_break": -28.57153600950187
      }
    },
    "60": {
      "reject": {
        "reject_rate": 0.6929347826086957,
        "mfe_bps_reject": 26.507309860116134,
        "mfe_bps_other": 25.13509234587531,
        "mae_bps_reject": -18.001964125683266,
        "mae_bps_other": -17.808778546663472,
        "break_rate": 0.2608695652173913,
        "mfe_bps_break": 10.657087036597556,
        "mae_bps_break": -36.14878433484493
      },
      "break": {
        "reject_rate": 0.6929347826086957,
        "mfe_bps_reject": 26.507309860116134,
        "mfe_bps_other": 25.13509234587531,
        "mae_bps_reject": -18.001964125683266,
        "mae_bps_other": -17.808778546663472,
        "break_rate": 0.2608695652173913,
        "mfe_bps_break": 10.657087036597556,
        "mae_bps_break": -36.14878433484493
      }
    }
  },
  "trained_end_ts": 1770751020000,
  "thresholds": {
    "reject": {
      "5": 0.3943414987042071,
      "15": 0.5602590288237033,
      "60": 0.645679559153344
    },
    "break": {
      "5": 0.5,
      "15": 0.14484958162816866,
      "60": 0.22945378147652015
    }
  }
}