{
  "version": "v004",
  "feature_version": "v2",
  "models": {
    "reject": {
      "5": "rf_reject_5m_v004.pkl",
      "15": "rf_reject_15m_v004.pkl",
      "60": "rf_reject_60m_v004.pkl"
    },
    "break": {
      "5": "rf_break_5m_v004.pkl",
      "15": "rf_break_15m_v004.pkl",
      "60": "rf_break_60m_v004.pkl"
    }
  },
  "calibration": {
    "reject": {
      "5": "isotonic",
      "15": "isotonic",
      "60": "isotonic"
    },
    "break": {
      "5": "isotonic",
      "15": "isotonic",
      "60": "isotonic"
    }
  },
  "stats": {
    "5": {
      "reject": {
        "reject_rate": 0.35918114143920593,
        "mfe_bps_reject": 13.773193438980643,
        "mfe_bps_other": 8.194404622933313,
        "mae_bps_reject": -4.513370178248491,
        "mae_bps_other": -5.641778089119539,
        "break_rate": 0.05272952853598015,
        "mfe_bps_break": 0.7424395639500545,
        "mae_bps_break": -41.11932668401908
      },
      "break": {
        "reject_rate": 0.35918114143920593,
        "mfe_bps_reject": 13.773193438980643,
        "mfe_bps_other": 8.194404622933313,
        "mae_bps_reject": -4.513370178248491,
        "mae_bps_other": -5.641778089119539,
        "break_rate": 0.05272952853598015,
        "mfe_bps_break": 0.7424395639500545,
        "mae_bps_break": -41.11932668401908
      }
    },
    "15": {
      "reject": {
        "reject_rate": 0.507147296457427,
        "mfe_bps_reject": 16.596927672849425,
        "mfe_bps_other": 11.480526478206365,
        "mae_bps_reject": -6.842245778925778,
        "mae_bps_other": -7.703472537775046,
        "break_rate": 0.08825357364822871,
        "mfe_bps_break": 3.0881873639023167,
        "mae_bps_break": -39.69230928325991
      },
      "break": {
        "reject_rate": 0.507147296457427,
        "mfe_bps_reject": 16.596927672849425,
        "mfe_bps_other": 11.480526478206365,
        "mae_bps_reject": -6.842245778925778,
        "mae_bps_other": -7.703472537775046,
        "break_rate": 0.08825357364822871,
        "mfe_bps_break": 3.0881873639023167,
        "mae_bps_break": -39.69230928325991
      }
    },
    "60": {
      "reject": {
        "reject_rate": 0.651819322459222,
        "mfe_bps_reject": 23.88452907662372,
        "mfe_bps_other": 20.099460095036108,
        "mae_bps_reject": -12.425068193143977,
        "mae_bps_other": -12.221723200195044,
        "break_rate": 0.18444165621079048,
        "mfe_bps_break": 6.814091002745679,
        "mae_bps_break": -43.1137034256154
      },
      "break": {
        "reject_rate": 0.651819322459222,
        "mfe_bps_reject": 23.88452907662372,
        "mfe_bps_other": 20.099460095036108,
        "mae_bps_reject": -12.425068193143977,
        "mae_bps_other": -12.221723200195044,
        "break_rate": 0.18444165621079048,
        "mfe_bps_break": 6.814091002745679,
        "mae_bps_break": -43.1137034256154
      }
    }
  },
  "trained_end_ts": 1770152100000
}