{
  "version": "v005",
  "feature_version": "v2",
  "models": {
    "reject": {
      "5": "rf_reject_5m_v005.pkl",
      "15": "rf_reject_15m_v005.pkl",
      "60": "rf_reject_60m_v005.pkl"
    },
    "break": {
      "5": "rf_break_5m_v005.pkl",
      "15": "rf_break_15m_v005.pkl",
      "60": "rf_break_60m_v005.pkl"
    }
  },
  "calibration": {
    "reject": {
      "5": "sigmoid",
      "15": "sigmoid",
      "60": "sigmoid"
    },
    "break": {
      "5": "sigmoid",
      "15": "sigmoid",
      "60": "sigmoid"
    }
  },
  "stats": {
    "5": {
      "reject": {
        "reject_rate": 0.4537037037037037,
        "mfe_bps_reject": 12.422830805421057,
        "mfe_bps_other": 8.864292668011204,
        "mae_bps_reject": -6.22625068048823,
        "mae_bps_other": -7.550661914237567,
        "break_rate": 0.027777777777777776,
        "mfe_bps_break": 6.446109859678376,
        "mae_bps_break": -26.87067906576569
      },
      "break": {
        "reject_rate": 0.4537037037037037,
        "mfe_bps_reject": 12.422830805421057,
        "mfe_bps_other": 8.864292668011204,
        "mae_bps_reject": -6.22625068048823,
        "mae_bps_other": -7.550661914237567,
        "break_rate": 0.027777777777777776,
        "mfe_bps_break": 6.446109859678376,
        "mae_bps_break": -26.87067906576569
      }
    },
    "15": {
      "reject": {
        "reject_rate": 0.6180124223602484,
        "mfe_bps_reject": 17.922031354681845,
        "mfe_bps_other": 14.440805900885502,
        "mae_bps_reject": -9.968927784798938,
        "mae_bps_other": -9.984875575817714,
        "break_rate": 0.14285714285714285,
        "mfe_bps_break": 7.12575366836585,
        "mae_bps_break": -29.064378399750446
      },
      "break": {
        "reject_rate": 0.6180124223602484,
        "mfe_bps_reject": 17.922031354681845,
        "mfe_bps_other": 14.440805900885502,
        "mae_bps_reject": -9.968927784798938,
        "mae_bps_other": -9.984875575817714,
        "break_rate": 0.14285714285714285,
        "mfe_bps_break": 7.12575366836585,
        "mae_bps_break": -29.064378399750446
      }
    },
    "60": {
      "reject": {
        "reject_rate": 0.6993670886075949,
        "mfe_bps_reject": 28.922419025867203,
        "mfe_bps_other": 27.742688970694708,
        "mae_bps_reject": -18.662668991174343,
        "mae_bps_other": -18.436706414891095,
        "break_rate": 0.26582278481012656,
        "mfe_bps_break": 11.304689025763961,
        "mae_bps_break": -37.268492339689615
      },
      "break": {
        "reject_rate": 0.6993670886075949,
        "mfe_bps_reject": 28.922419025867203,
        "mfe_bps_other": 27.742688970694708,
        "mae_bps_reject": -18.662668991174343,
        "mae_bps_other": -18.436706414891095,
        "break_rate": 0.26582278481012656,
        "mfe_bps_break": 11.304689025763961,
        "mae_bps_break": -37.268492339689615
      }
    }
  },
  "trained_end_ts": 1770670680000
}