{
  "version": "v007",
  "feature_version": "v3",
  "models": {
    "reject": {
      "5": "rf_reject_5m_v007.pkl",
      "15": "rf_reject_15m_v007.pkl",
      "60": "rf_reject_60m_v007.pkl"
    },
    "break": {
      "5": "rf_break_5m_v007.pkl",
      "15": "rf_break_15m_v007.pkl",
      "60": "rf_break_60m_v007.pkl"
    }
  },
  "calibration": {
    "reject": {
      "5": "sigmoid",
      "15": "sigmoid",
      "60": "sigmoid"
    },
    "break": {
      "5": "none",
      "15": "sigmoid",
      "60": "sigmoid"
    }
  },
  "stats": {
    "5": {
      "reject": {
        "reject_rate": 0.24391104835863042,
        "mfe_bps_reject": 11.015009926567934,
        "mfe_bps_other": 6.923662932381508,
        "mae_bps_reject": -5.7277195433965495,
        "mae_bps_other": -6.37417926936819,
        "break_rate": 0.0031768443346276033,
        "mfe_bps_break": 6.446109859678376,
        "mae_bps_break": -26.87067906576569
      },
      "break": {
        "reject_rate": 0.24391104835863042,
        "mfe_bps_reject": 11.015009926567934,
        "mfe_bps_other": 6.923662932381508,
        "mae_bps_reject": -5.7277195433965495,
        "mae_bps_other": -6.37417926936819,
        "break_rate": 0.0031768443346276033,
        "mfe_bps_break": 6.446109859678376,
        "mae_bps_break": -26.87067906576569
      }
    },
    "15": {
      "reject": {
        "reject_rate": 0.4206993995054751,
        "mfe_bps_reject": 14.910240266498029,
        "mfe_bps_other": 9.660684332247437,
        "mae_bps_reject": -7.42723150252938,
        "mae_bps_other": -8.076933076002096,
        "break_rate": 0.050512186506534794,
        "mfe_bps_break": 9.309449100837192,
        "mae_bps_break": -31.421028344138584
      },
      "break": {
        "reject_rate": 0.4206993995054751,
        "mfe_bps_reject": 14.910240266498029,
        "mfe_bps_other": 9.660684332247437,
        "mae_bps_reject": -7.42723150252938,
        "mae_bps_other": -8.076933076002096,
        "break_rate": 0.050512186506534794,
        "mfe_bps_break": 9.309449100837192,
        "mae_bps_break": -31.421028344138584
      }
    },
    "60": {
      "reject": {
        "reject_rate": 0.6255756287637265,
        "mfe_bps_reject": 21.576474552840708,
        "mfe_bps_other": 17.48658640120322,
        "mae_bps_reject": -12.292847419506277,
        "mae_bps_other": -12.009407294453903,
        "break_rate": 0.15905065533120794,
        "mfe_bps_break": 9.654017476300835,
        "mae_bps_break": -37.80192894525962
      },
      "break": {
        "reject_rate": 0.6255756287637265,
        "mfe_bps_reject": 21.576474552840708,
        "mfe_bps_other": 17.48658640120322,
        "mae_bps_reject": -12.292847419506277,
        "mae_bps_other": -12.009407294453903,
        "break_rate": 0.15905065533120794,
        "mfe_bps_break": 9.654017476300835,
        "mae_bps_break": -37.80192894525962
      }
    }
  },
  "trained_end_ts": 1771010400000,
  "thresholds": {
    "reject": {
      "5": 0.2516827372738429,
      "15": 0.4772040747493202,
      "60": 0.6221639188751862
    },
    "break": {
      "5": 0.5,
      "15": 0.5,
      "60": 0.29036612251208205
    }
  }
}