{
  "version": "v009",
  "feature_version": "v3",
  "models": {
    "reject": {
      "5": "rf_reject_5m_v009.pkl",
      "15": "rf_reject_15m_v009.pkl",
      "60": "rf_reject_60m_v009.pkl"
    },
    "break": {
      "5": "rf_break_5m_v009.pkl",
      "15": "rf_break_15m_v009.pkl",
      "60": "rf_break_60m_v009.pkl"
    }
  },
  "calibration": {
    "reject": {
      "5": "sigmoid",
      "15": "sigmoid",
      "60": "sigmoid"
    },
    "break": {
      "5": "none",
      "15": "sigmoid",
      "60": "sigmoid"
    }
  },
  "stats": {
    "5": {
      "reject": {
        "reject_rate": 0.2441860465116279,
        "mfe_bps_reject": 11.093337221413712,
        "mfe_bps_other": 7.036634244757351,
        "mae_bps_reject": -5.781835543608334,
        "mae_bps_other": -6.4848503045321095,
        "break_rate": 0.002990033222591362,
        "mfe_bps_break": 6.446109859678376,
        "mae_bps_break": -26.87067906576569
      },
      "break": {
        "reject_rate": 0.2441860465116279,
        "mfe_bps_reject": 11.093337221413712,
        "mfe_bps_other": 7.036634244757351,
        "mae_bps_reject": -5.781835543608334,
        "mae_bps_other": -6.4848503045321095,
        "break_rate": 0.002990033222591362,
        "mfe_bps_break": 6.446109859678376,
        "mae_bps_break": -26.87067906576569
      }
    },
    "15": {
      "reject": {
        "reject_rate": 0.421875,
        "mfe_bps_reject": 15.009658708292386,
        "mfe_bps_other": 9.786494380752474,
        "mae_bps_reject": -7.504899384447268,
        "mae_bps_other": -8.20174204798149,
        "break_rate": 0.05186170212765957,
        "mfe_bps_break": 9.240225369508925,
        "mae_bps_break": -31.26075679857235
      },
      "break": {
        "reject_rate": 0.421875,
        "mfe_bps_reject": 15.009658708292386,
        "mfe_bps_other": 9.786494380752474,
        "mae_bps_reject": -7.504899384447268,
        "mae_bps_other": -8.20174204798149,
        "break_rate": 0.05186170212765957,
        "mfe_bps_break": 9.240225369508925,
        "mae_bps_break": -31.26075679857235
      }
    },
    "60": {
      "reject": {
        "reject_rate": 0.624290957624291,
        "mfe_bps_reject": 21.703763167802926,
        "mfe_bps_other": 17.643212848618642,
        "mae_bps_reject": -12.440340363473425,
        "mae_bps_other": -12.176234182792207,
        "break_rate": 0.16349683016349684,
        "mfe_bps_break": 9.513217511711026,
        "mae_bps_break": -38.57326068912022
      },
      "break": {
        "reject_rate": 0.624290957624291,
        "mfe_bps_reject": 21.703763167802926,
        "mfe_bps_other": 17.643212848618642,
        "mae_bps_reject": -12.440340363473425,
        "mae_bps_other": -12.176234182792207,
        "break_rate": 0.16349683016349684,
        "mfe_bps_break": 9.513217511711026,
        "mae_bps_break": -38.57326068912022
      }
    }
  },
  "trained_end_ts": 1771016100000,
  "thresholds": {
    "reject": {
      "5": 0.26207535295932116,
      "15": 0.4190568820869282,
      "60": 0.5761551807447358
    },
    "break": {
      "5": 0.5,
      "15": 0.5,
      "60": 0.3116383191539251
    }
  }
}